name,title,label,label_tex,units,units_tex
brient2016c,Brient and Schneider (2016) II,Resp. of SW cloud refl. to SST,,% K-1,\% \mathrm{K}^{-1}
cox2018,Cox et al. (2018),ùúì,,K,
lipat2017,Lipat et al. (2017),SH Hadley cell extent,,¬∞,
sherwood2014_D,Sherwood et al. (2014) D,D,,1,
sherwood2014,Sherwood et al. (2014),LTMI,,1,
sherwood2014_S,Sherwood et al. (2014) S,S,,1,
su2014,Su et al. (2014),Model perf. in RH,,1,
tian2015,Tian (2015),Tropical mid-tropo. humidity,,%,
tian2015_ITCZ,Tian (2015) ITCZ,South. ITCZ index,,mm d-1,\mathrm{mm} \mathrm{d}^{-1}
volodin2008,Volodin (2018),Diff. in tropical and midlat. CF,,%,
zhai2015,Zhai et al. (2015),Resp. of MBLC frac. to SST,,% K-1,\% \mathrm{K}^{-1}
